Controller.Micro850.Micro850.__SYSVA_ABORT_CYCLE	
Controller.Micro850.Micro850.__SYSVA_CCEXEC	
Controller.Micro850.Micro850.__SYSVA_CYCLECNT	
Controller.Micro850.Micro850.__SYSVA_CYCLEDATE	
Controller.Micro850.Micro850.__SYSVA_FIRST_SCAN	
Controller.Micro850.Micro850.__SYSVA_KVBCERR	
Controller.Micro850.Micro850.__SYSVA_KVBPERR	
Controller.Micro850.Micro850.__SYSVA_MAJ_ERR_HALT	
Controller.Micro850.Micro850.__SYSVA_POWERUP_BIT	
Controller.Micro850.Micro850.__SYSVA_PROJ_INCOMPLETE	
Controller.Micro850.Micro850.__SYSVA_REMOTE	
Controller.Micro850.Micro850.__SYSVA_RESMODE	
Controller.Micro850.Micro850.__SYSVA_RESNAME	
Controller.Micro850.Micro850.__SYSVA_SCANCNT	
Controller.Micro850.Micro850.__SYSVA_SUSPEND_ID	
Controller.Micro850.Micro850.__SYSVA_TCYCURRENT	
Controller.Micro850.Micro850.__SYSVA_TCYCYCTIME	
Controller.Micro850.Micro850.__SYSVA_TCYMAXIMUM	
Controller.Micro850.Micro850.__SYSVA_TCYOVERFLOW	
Controller.Micro850.Micro850.__SYSVA_TCYWDG	
Controller.Micro850.Micro850.__SYSVA_USER_DATA_LOST	
Controller.Micro850.Micro850._IO_EM_DI_00	
Controller.Micro850.Micro850._IO_EM_DI_01	
Controller.Micro850.Micro850._IO_EM_DI_02	
Controller.Micro850.Micro850._IO_EM_DI_03	
Controller.Micro850.Micro850._IO_EM_DI_04	
Controller.Micro850.Micro850._IO_EM_DI_05	
Controller.Micro850.Micro850._IO_EM_DI_06	
Controller.Micro850.Micro850._IO_EM_DI_07	
Controller.Micro850.Micro850._IO_EM_DI_08	
Controller.Micro850.Micro850._IO_EM_DI_09	
Controller.Micro850.Micro850._IO_EM_DI_10	
Controller.Micro850.Micro850._IO_EM_DI_11	
Controller.Micro850.Micro850._IO_EM_DI_12	
Controller.Micro850.Micro850._IO_EM_DI_13	
Controller.Micro850.Micro850._IO_EM_DO_00	
Controller.Micro850.Micro850._IO_EM_DO_01	
Controller.Micro850.Micro850._IO_EM_DO_02	
Controller.Micro850.Micro850._IO_EM_DO_03	
Controller.Micro850.Micro850._IO_EM_DO_04	
Controller.Micro850.Micro850._IO_EM_DO_05	
Controller.Micro850.Micro850._IO_EM_DO_06	
Controller.Micro850.Micro850._IO_EM_DO_07	
Controller.Micro850.Micro850._IO_EM_DO_08	
Controller.Micro850.Micro850._IO_EM_DO_09	
Controller.Micro850.Micro850.Advanced.aux_board[0]	
Controller.Micro850.Micro850.Advanced.aux_board[1]	
Controller.Micro850.Micro850.Advanced.aux_board[2]	
Controller.Micro850.Micro850.Advanced.aux_board[3]	
Controller.Micro850.Micro850.Advanced.aux_board[4]	
Controller.Micro850.Micro850.Advanced.aux_board[5]	
Controller.Micro850.Micro850.Advanced.aux_board[6]	
Controller.Micro850.Micro850.Advanced.aux_board[7]	
Controller.Micro850.Micro850.Advanced.aux_board[8]	
Controller.Micro850.Micro850.Advanced.aux_board2[0]	
Controller.Micro850.Micro850.Advanced.aux_board2[1]	
Controller.Micro850.Micro850.Advanced.aux_board2[2]	
Controller.Micro850.Micro850.Advanced.aux_board2[3]	
Controller.Micro850.Micro850.Advanced.aux_board2[4]	
Controller.Micro850.Micro850.Advanced.aux_board2[5]	
Controller.Micro850.Micro850.Advanced.aux_board2[6]	
Controller.Micro850.Micro850.Advanced.aux_board2[7]	
Controller.Micro850.Micro850.Advanced.aux_board2[8]	
Controller.Micro850.Micro850.Advanced.aux_count	
Controller.Micro850.Micro850.Advanced.aux_count2	
Controller.Micro850.Micro850.Advanced.aux_player	
Controller.Micro850.Micro850.Advanced.evaluatePosition_1.board[0]	
Controller.Micro850.Micro850.Advanced.evaluatePosition_1.board[1]	
Controller.Micro850.Micro850.Advanced.evaluatePosition_1.board[2]	
Controller.Micro850.Micro850.Advanced.evaluatePosition_1.board[3]	
Controller.Micro850.Micro850.Advanced.evaluatePosition_1.board[4]	
Controller.Micro850.Micro850.Advanced.evaluatePosition_1.board[5]	
Controller.Micro850.Micro850.Advanced.evaluatePosition_1.board[6]	
Controller.Micro850.Micro850.Advanced.evaluatePosition_1.board[7]	
Controller.Micro850.Micro850.Advanced.evaluatePosition_1.board[8]	
Controller.Micro850.Micro850.Advanced.evaluatePosition_1.Heuristic_Array[0,0]	
Controller.Micro850.Micro850.Advanced.evaluatePosition_1.Heuristic_Array[0,1]	
Controller.Micro850.Micro850.Advanced.evaluatePosition_1.Heuristic_Array[0,2]	
Controller.Micro850.Micro850.Advanced.evaluatePosition_1.Heuristic_Array[0,3]	
Controller.Micro850.Micro850.Advanced.evaluatePosition_1.Heuristic_Array[1,0]	
Controller.Micro850.Micro850.Advanced.evaluatePosition_1.Heuristic_Array[1,1]	
Controller.Micro850.Micro850.Advanced.evaluatePosition_1.Heuristic_Array[1,2]	
Controller.Micro850.Micro850.Advanced.evaluatePosition_1.Heuristic_Array[1,3]	
Controller.Micro850.Micro850.Advanced.evaluatePosition_1.Heuristic_Array[2,0]	
Controller.Micro850.Micro850.Advanced.evaluatePosition_1.Heuristic_Array[2,1]	
Controller.Micro850.Micro850.Advanced.evaluatePosition_1.Heuristic_Array[2,2]	
Controller.Micro850.Micro850.Advanced.evaluatePosition_1.Heuristic_Array[2,3]	
Controller.Micro850.Micro850.Advanced.evaluatePosition_1.Heuristic_Array[3,0]	
Controller.Micro850.Micro850.Advanced.evaluatePosition_1.Heuristic_Array[3,1]	
Controller.Micro850.Micro850.Advanced.evaluatePosition_1.Heuristic_Array[3,2]	
Controller.Micro850.Micro850.Advanced.evaluatePosition_1.Heuristic_Array[3,3]	
Controller.Micro850.Micro850.Advanced.evaluatePosition_1.i	
Controller.Micro850.Micro850.Advanced.evaluatePosition_1.j	
Controller.Micro850.Micro850.Advanced.evaluatePosition_1.opponent	
Controller.Micro850.Micro850.Advanced.evaluatePosition_1.others	
Controller.Micro850.Micro850.Advanced.evaluatePosition_1.out	
Controller.Micro850.Micro850.Advanced.evaluatePosition_1.piece	
Controller.Micro850.Micro850.Advanced.evaluatePosition_1.player	
Controller.Micro850.Micro850.Advanced.evaluatePosition_1.players	
Controller.Micro850.Micro850.Advanced.evaluatePosition_1.Three_in_a_Row[0,0]	
Controller.Micro850.Micro850.Advanced.evaluatePosition_1.Three_in_a_Row[0,1]	
Controller.Micro850.Micro850.Advanced.evaluatePosition_1.Three_in_a_Row[0,2]	
Controller.Micro850.Micro850.Advanced.evaluatePosition_1.Three_in_a_Row[1,0]	
Controller.Micro850.Micro850.Advanced.evaluatePosition_1.Three_in_a_Row[1,1]	
Controller.Micro850.Micro850.Advanced.evaluatePosition_1.Three_in_a_Row[1,2]	
Controller.Micro850.Micro850.Advanced.evaluatePosition_1.Three_in_a_Row[2,0]	
Controller.Micro850.Micro850.Advanced.evaluatePosition_1.Three_in_a_Row[2,1]	
Controller.Micro850.Micro850.Advanced.evaluatePosition_1.Three_in_a_Row[2,2]	
Controller.Micro850.Micro850.Advanced.evaluatePosition_1.Three_in_a_Row[3,0]	
Controller.Micro850.Micro850.Advanced.evaluatePosition_1.Three_in_a_Row[3,1]	
Controller.Micro850.Micro850.Advanced.evaluatePosition_1.Three_in_a_Row[3,2]	
Controller.Micro850.Micro850.Advanced.evaluatePosition_1.Three_in_a_Row[4,0]	
Controller.Micro850.Micro850.Advanced.evaluatePosition_1.Three_in_a_Row[4,1]	
Controller.Micro850.Micro850.Advanced.evaluatePosition_1.Three_in_a_Row[4,2]	
Controller.Micro850.Micro850.Advanced.evaluatePosition_1.Three_in_a_Row[5,0]	
Controller.Micro850.Micro850.Advanced.evaluatePosition_1.Three_in_a_Row[5,1]	
Controller.Micro850.Micro850.Advanced.evaluatePosition_1.Three_in_a_Row[5,2]	
Controller.Micro850.Micro850.Advanced.evaluatePosition_1.Three_in_a_Row[6,0]	
Controller.Micro850.Micro850.Advanced.evaluatePosition_1.Three_in_a_Row[6,1]	
Controller.Micro850.Micro850.Advanced.evaluatePosition_1.Three_in_a_Row[6,2]	
Controller.Micro850.Micro850.Advanced.evaluatePosition_1.Three_in_a_Row[7,0]	
Controller.Micro850.Micro850.Advanced.evaluatePosition_1.Three_in_a_Row[7,1]	
Controller.Micro850.Micro850.Advanced.evaluatePosition_1.Three_in_a_Row[7,2]	
Controller.Micro850.Micro850.Advanced.evaluatePosition_2.board[0]	
Controller.Micro850.Micro850.Advanced.evaluatePosition_2.board[1]	
Controller.Micro850.Micro850.Advanced.evaluatePosition_2.board[2]	
Controller.Micro850.Micro850.Advanced.evaluatePosition_2.board[3]	
Controller.Micro850.Micro850.Advanced.evaluatePosition_2.board[4]	
Controller.Micro850.Micro850.Advanced.evaluatePosition_2.board[5]	
Controller.Micro850.Micro850.Advanced.evaluatePosition_2.board[6]	
Controller.Micro850.Micro850.Advanced.evaluatePosition_2.board[7]	
Controller.Micro850.Micro850.Advanced.evaluatePosition_2.board[8]	
Controller.Micro850.Micro850.Advanced.evaluatePosition_2.Heuristic_Array[0,0]	
Controller.Micro850.Micro850.Advanced.evaluatePosition_2.Heuristic_Array[0,1]	
Controller.Micro850.Micro850.Advanced.evaluatePosition_2.Heuristic_Array[0,2]	
Controller.Micro850.Micro850.Advanced.evaluatePosition_2.Heuristic_Array[0,3]	
Controller.Micro850.Micro850.Advanced.evaluatePosition_2.Heuristic_Array[1,0]	
Controller.Micro850.Micro850.Advanced.evaluatePosition_2.Heuristic_Array[1,1]	
Controller.Micro850.Micro850.Advanced.evaluatePosition_2.Heuristic_Array[1,2]	
Controller.Micro850.Micro850.Advanced.evaluatePosition_2.Heuristic_Array[1,3]	
Controller.Micro850.Micro850.Advanced.evaluatePosition_2.Heuristic_Array[2,0]	
Controller.Micro850.Micro850.Advanced.evaluatePosition_2.Heuristic_Array[2,1]	
Controller.Micro850.Micro850.Advanced.evaluatePosition_2.Heuristic_Array[2,2]	
Controller.Micro850.Micro850.Advanced.evaluatePosition_2.Heuristic_Array[2,3]	
Controller.Micro850.Micro850.Advanced.evaluatePosition_2.Heuristic_Array[3,0]	
Controller.Micro850.Micro850.Advanced.evaluatePosition_2.Heuristic_Array[3,1]	
Controller.Micro850.Micro850.Advanced.evaluatePosition_2.Heuristic_Array[3,2]	
Controller.Micro850.Micro850.Advanced.evaluatePosition_2.Heuristic_Array[3,3]	
Controller.Micro850.Micro850.Advanced.evaluatePosition_2.i	
Controller.Micro850.Micro850.Advanced.evaluatePosition_2.j	
Controller.Micro850.Micro850.Advanced.evaluatePosition_2.opponent	
Controller.Micro850.Micro850.Advanced.evaluatePosition_2.others	
Controller.Micro850.Micro850.Advanced.evaluatePosition_2.out	
Controller.Micro850.Micro850.Advanced.evaluatePosition_2.piece	
Controller.Micro850.Micro850.Advanced.evaluatePosition_2.player	
Controller.Micro850.Micro850.Advanced.evaluatePosition_2.players	
Controller.Micro850.Micro850.Advanced.evaluatePosition_2.Three_in_a_Row[0,0]	
Controller.Micro850.Micro850.Advanced.evaluatePosition_2.Three_in_a_Row[0,1]	
Controller.Micro850.Micro850.Advanced.evaluatePosition_2.Three_in_a_Row[0,2]	
Controller.Micro850.Micro850.Advanced.evaluatePosition_2.Three_in_a_Row[1,0]	
Controller.Micro850.Micro850.Advanced.evaluatePosition_2.Three_in_a_Row[1,1]	
Controller.Micro850.Micro850.Advanced.evaluatePosition_2.Three_in_a_Row[1,2]	
Controller.Micro850.Micro850.Advanced.evaluatePosition_2.Three_in_a_Row[2,0]	
Controller.Micro850.Micro850.Advanced.evaluatePosition_2.Three_in_a_Row[2,1]	
Controller.Micro850.Micro850.Advanced.evaluatePosition_2.Three_in_a_Row[2,2]	
Controller.Micro850.Micro850.Advanced.evaluatePosition_2.Three_in_a_Row[3,0]	
Controller.Micro850.Micro850.Advanced.evaluatePosition_2.Three_in_a_Row[3,1]	
Controller.Micro850.Micro850.Advanced.evaluatePosition_2.Three_in_a_Row[3,2]	
Controller.Micro850.Micro850.Advanced.evaluatePosition_2.Three_in_a_Row[4,0]	
Controller.Micro850.Micro850.Advanced.evaluatePosition_2.Three_in_a_Row[4,1]	
Controller.Micro850.Micro850.Advanced.evaluatePosition_2.Three_in_a_Row[4,2]	
Controller.Micro850.Micro850.Advanced.evaluatePosition_2.Three_in_a_Row[5,0]	
Controller.Micro850.Micro850.Advanced.evaluatePosition_2.Three_in_a_Row[5,1]	
Controller.Micro850.Micro850.Advanced.evaluatePosition_2.Three_in_a_Row[5,2]	
Controller.Micro850.Micro850.Advanced.evaluatePosition_2.Three_in_a_Row[6,0]	
Controller.Micro850.Micro850.Advanced.evaluatePosition_2.Three_in_a_Row[6,1]	
Controller.Micro850.Micro850.Advanced.evaluatePosition_2.Three_in_a_Row[6,2]	
Controller.Micro850.Micro850.Advanced.evaluatePosition_2.Three_in_a_Row[7,0]	
Controller.Micro850.Micro850.Advanced.evaluatePosition_2.Three_in_a_Row[7,1]	
Controller.Micro850.Micro850.Advanced.evaluatePosition_2.Three_in_a_Row[7,2]	
Controller.Micro850.Micro850.Advanced.out_aux	
Controller.Micro850.Micro850.Advanced.play_pos	
Controller.Micro850.Micro850.Advanced.player_out	
Controller.Micro850.Micro850.Advanced.R_TRIG_1.CLK	
Controller.Micro850.Micro850.Advanced.R_TRIG_1.Q	
Controller.Micro850.Micro850.Advanced.R_TRIG_1.Redge	
Controller.Micro850.Micro850.Advanced.R_TRIG_2.CLK	
Controller.Micro850.Micro850.Advanced.R_TRIG_2.Q	
Controller.Micro850.Micro850.Advanced.R_TRIG_2.Redge	
Controller.Micro850.Micro850.Advanced.R_TRIG_3.CLK	
Controller.Micro850.Micro850.Advanced.R_TRIG_3.Q	
Controller.Micro850.Micro850.Advanced.R_TRIG_3.Redge	
Controller.Micro850.Micro850.Advanced.tmp	
Controller.Micro850.Micro850.Advanced.worst	
Controller.Micro850.Micro850.board[0]	
Controller.Micro850.Micro850.board[1]	
Controller.Micro850.Micro850.board[2]	
Controller.Micro850.Micro850.board[3]	
Controller.Micro850.Micro850.board[4]	
Controller.Micro850.Micro850.board[5]	
Controller.Micro850.Micro850.board[6]	
Controller.Micro850.Micro850.board[7]	
Controller.Micro850.Micro850.board[8]	
Controller.Micro850.Micro850.btn[1,1]	
Controller.Micro850.Micro850.btn[1,2]	
Controller.Micro850.Micro850.btn[1,3]	
Controller.Micro850.Micro850.btn[2,1]	
Controller.Micro850.Micro850.btn[2,2]	
Controller.Micro850.Micro850.btn[2,3]	
Controller.Micro850.Micro850.btn[3,1]	
Controller.Micro850.Micro850.btn[3,2]	
Controller.Micro850.Micro850.btn[3,3]	
Controller.Micro850.Micro850.btn_adv[1,1]	
Controller.Micro850.Micro850.btn_adv[1,2]	
Controller.Micro850.Micro850.btn_adv[1,3]	
Controller.Micro850.Micro850.btn_adv[2,1]	
Controller.Micro850.Micro850.btn_adv[2,2]	
Controller.Micro850.Micro850.btn_adv[2,3]	
Controller.Micro850.Micro850.btn_adv[3,1]	
Controller.Micro850.Micro850.btn_adv[3,2]	
Controller.Micro850.Micro850.btn_adv[3,3]	
Controller.Micro850.Micro850.Ganhou[1]	
Controller.Micro850.Micro850.Ganhou[2]	
Controller.Micro850.Micro850.Ganhou[3]	
Controller.Micro850.Micro850.Ganhou[4]	
Controller.Micro850.Micro850.Ganhou[5]	
Controller.Micro850.Micro850.Ganhou[6]	
Controller.Micro850.Micro850.Ganhou[7]	
Controller.Micro850.Micro850.Ganhou[8]	
Controller.Micro850.Micro850.Ganhou_o	
Controller.Micro850.Micro850.Ganhou_x	
Controller.Micro850.Micro850.inicio	
Controller.Micro850.Micro850.jogadas	
Controller.Micro850.Micro850.jogador_o	
Controller.Micro850.Micro850.jogador_x	
Controller.Micro850.Micro850.Jogo_da_velha_1_jogador.jogadas_aux	
Controller.Micro850.Micro850.Jogo_da_velha_2_jogadores.jogadas_aux	
Controller.Micro850.Micro850.lanPlayers	
Controller.Micro850.Micro850.menuOpts	
Controller.Micro850.Micro850.Nome_o	
Controller.Micro850.Micro850.Nome_x	
Controller.Micro850.Micro850.onePlayer	
Controller.Micro850.Micro850.Reset	
Controller.Micro850.Micro850.Show_o[1,1]	FALSE
Controller.Micro850.Micro850.Show_o[1,2]	FALSE
Controller.Micro850.Micro850.Show_o[1,3]	FALSE
Controller.Micro850.Micro850.Show_o[2,1]	FALSE
Controller.Micro850.Micro850.Show_o[2,2]	FALSE
Controller.Micro850.Micro850.Show_o[2,3]	FALSE
Controller.Micro850.Micro850.Show_o[3,1]	FALSE
Controller.Micro850.Micro850.Show_o[3,2]	FALSE
Controller.Micro850.Micro850.Show_o[3,3]	FALSE
Controller.Micro850.Micro850.Show_o_Copia_1[1,1]	FALSE
Controller.Micro850.Micro850.Show_o_Copia_1[1,2]	FALSE
Controller.Micro850.Micro850.Show_o_Copia_1[1,3]	FALSE
Controller.Micro850.Micro850.Show_o_Copia_1[2,1]	FALSE
Controller.Micro850.Micro850.Show_o_Copia_1[2,2]	FALSE
Controller.Micro850.Micro850.Show_o_Copia_1[2,3]	FALSE
Controller.Micro850.Micro850.Show_o_Copia_1[3,1]	FALSE
Controller.Micro850.Micro850.Show_o_Copia_1[3,2]	FALSE
Controller.Micro850.Micro850.Show_o_Copia_1[3,3]	FALSE
Controller.Micro850.Micro850.Show_x[1,1]	FALSE
Controller.Micro850.Micro850.Show_x[1,2]	FALSE
Controller.Micro850.Micro850.Show_x[1,3]	FALSE
Controller.Micro850.Micro850.Show_x[2,1]	FALSE
Controller.Micro850.Micro850.Show_x[2,2]	FALSE
Controller.Micro850.Micro850.Show_x[2,3]	FALSE
Controller.Micro850.Micro850.Show_x[3,1]	FALSE
Controller.Micro850.Micro850.Show_x[3,2]	FALSE
Controller.Micro850.Micro850.Show_x[3,3]	FALSE
Controller.Micro850.Micro850.Start.R_TRIG_1.CLK	
Controller.Micro850.Micro850.Start.R_TRIG_1.Q	
Controller.Micro850.Micro850.Start.R_TRIG_1.Redge	
Controller.Micro850.Micro850.Start.R_TRIG_2.CLK	
Controller.Micro850.Micro850.Start.R_TRIG_2.Q	
Controller.Micro850.Micro850.Start.R_TRIG_2.Redge	
Controller.Micro850.Micro850.Start.R_TRIG_3.CLK	
Controller.Micro850.Micro850.Start.R_TRIG_3.Q	
Controller.Micro850.Micro850.Start.R_TRIG_3.Redge	
Controller.Micro850.Micro850.twoPlayers	
Controller.Micro850.Micro850.Velha	
